المجموعة,من,إلى,الاسم
school,2026-08-23,,بداية العام الدراسي
school,2026-09-23,2026-09-26,إجازة اليوم الوطني
school,2026-10-25,,إجازة إضافية ٢٥ أكتوبر
school,2026-11-20,2026-11-28,إجازة الخريف
school,2026-11-29,,إجازة إضافية ٢٩ نوفمبر
school,2027-01-07,2027-01-16,إجازة منتصف العام
school,2027-01-17,,بداية الفصل الدراسي الثاني
school,2027-02-19,2027-02-22,إجازة يوم التأسيس
school,2027-02-25,2027-03-13,إجازة عيد الفطر
school,2027-03-14,,العودة بعد العيد
school,2027-04-11,,إجازة إضافية ١١ أبريل
school,2027-05-06,2027-05-22,إجازة عيد الأضحى
school,2027-06-24,,نهاية العام الدراسي
us-holidays,2026-04-05,,Easter Sunday
us-holidays,2027-03-28,,Easter Sunday
us-holidays,2028-04-16,,Easter Sunday
us-holidays,2029-04-01,,Easter Sunday
us-holidays,2030-04-21,,Easter Sunday
