المعرّف,الاسم,البلد,الأيقونة,اللون,الوصف,بلا مفتاح
islamic,المناسبات الإسلامية,,arabesque,#b2946a,رأس السنة الهجرية، عاشوراء، رمضان، العيدان، عرفة,
national,الأيام الوطنية,sa,flag-sa,#1f6b45,يوم التأسيس، يوم العلم، اليوم الوطني,
gov-salary,الرواتب الحكومية,sa,money,#2e7d4f,يوم 27 ميلادي؛ الجمعة تُقدَّم إلى الخميس والسبت يؤخَّر إلى الأحد (وزارة المالية),
pension,معاشات التقاعد والتأمينات,sa,money,#2e7d4f,يوم 1 ميلادي؛ الجمعة تُقدَّم إلى الخميس والسبت يؤخَّر إلى الأحد (التأمينات الاجتماعية),
social,الضمان الاجتماعي,sa,money,#2e7d4f,يوم 1 ميلادي؛ الجمعة تُقدَّم إلى الخميس والسبت يؤخَّر إلى الأحد (الموارد البشرية),
hafiz,حافز,sa,money,#2e7d4f,يوم 5 ميلادي؛ الجمعة تُقدَّم إلى الخميس والسبت يؤخَّر إلى الأحد (صندوق تنمية الموارد البشرية),
citizen,حساب المواطن,sa,money,#2e7d4f,يوم 10 ميلادي؛ الجمعة تُقدَّم إلى الخميس والسبت يؤخَّر إلى الأحد,
housing,الدعم السكني,sa,money,#2e7d4f,يوم 24 ميلادي؛ الجمعة تُقدَّم إلى الخميس والسبت يؤخَّر إلى الأحد (سكني),
rehab,إعانة التأهيل الشامل,sa,money,#2e7d4f,يوم 26 ميلادي؛ الجمعة تُقدَّم إلى الخميس والسبت يؤخَّر إلى الأحد (الموارد البشرية),
school,التقويم الدراسي ١٤٤٨,sa,cap,#2c5f8d,العام الدراسي 2026–2027. في مكة والمدينة وجدة والطائف تبدأ الدراسة وتنتهي بعد أسبوع.,
us-holidays,العطل الأمريكية,us,flag-us,#34508a,,نعم
