المجموعة,التقويم,الشهر,اليوم,الاسم
islamic,هجري,1,1,رأس السنة الهجرية
islamic,هجري,1,10,عاشوراء
islamic,هجري,9,1,أول رمضان
islamic,هجري,10,1,عيد الفطر
islamic,هجري,12,9,يوم عرفة
islamic,هجري,12,10,عيد الأضحى
national,ميلادي,2,22,يوم التأسيس
national,ميلادي,3,11,يوم العلم
national,ميلادي,9,23,اليوم الوطني
us-holidays,ميلادي,1,1,New Year's Day
us-holidays,ميلادي,2,14,Valentine's Day
us-holidays,ميلادي,6,19,Juneteenth
us-holidays,ميلادي,7,4,Independence Day
us-holidays,ميلادي,10,31,Halloween
us-holidays,ميلادي,11,11,Veterans Day
us-holidays,ميلادي,12,25,Christmas Day
